<!-- https://www.playframework.com/documentation/latest/SettingsLogger -->
<configuration>

    <conversionRule conversionWord="coloredLevel" converterClass="play.api.libs.logback.ColoredLevel"/>

    <appender name="FILE" class="ch.qos.logback.core.rolling.RollingFileAppender">
        <file>${application.home:-.}/logs/application.log</file>
        <rollingPolicy class="ch.qos.logback.core.rolling.TimeBasedRollingPolicy">
            <!-- Daily rollover with compression -->
            <fileNamePattern>application-log-%d{yyyy-MM-dd}.gz</fileNamePattern>
            <!-- keep 30 days worth of history -->
            <maxHistory>30</maxHistory>
        </rollingPolicy>
        <encoder>
            <pattern>%date{yyyy-MM-dd HH:mm:ss ZZZZ} [%level] from %logger in %thread - %message%n%xException</pattern>
        </encoder>
    </appender>

    <appender name="SECURITY_FILE" class="ch.qos.logback.core.FileAppender">
        <filter class="ch.qos.logback.core.filter.EvaluatorFilter">
            <evaluator class="ch.qos.logback.classic.boolex.OnMarkerEvaluator">
                <marker>SECURITY</marker>
            </evaluator>
            <OnMismatch>DENY</OnMismatch>
            <OnMatch>ACCEPT</OnMatch>
        </filter>
        <file>${application.home:-.}/logs/security.log</file>
        <encoder>
            <pattern>%date [%level] [%marker] from %logger in %thread - %message%n%xException</pattern>
        </encoder>
    </appender>

    <appender name="ACCESS_FILE" class="ch.qos.logback.core.rolling.RollingFileAppender">
        <file>${application.home:-.}/logs/access.log</file>
        <rollingPolicy class="ch.qos.logback.core.rolling.TimeBasedRollingPolicy">
            <!-- daily rollover with compression -->
            <fileNamePattern>access-log-%d{yyyy-MM-dd}.gz</fileNamePattern>
            <!-- keep 1 week worth of history -->
            <maxHistory>7</maxHistory>
        </rollingPolicy>
        <encoder>
            <pattern>%date{yyyy-MM-dd HH:mm:ss ZZZZ} %message%n</pattern>
            <!-- this quadruples logging throughput -->
            <immediateFlush>false</immediateFlush>
        </encoder>
    </appender>

    <appender name="STDOUT" class="ch.qos.logback.core.ConsoleAppender">
        <encoder>
            <pattern>%coloredLevel %logger{15} - %message%n%xException{10}</pattern>
        </encoder>
    </appender>

    <appender name="ASYNCFILE" class="ch.qos.logback.classic.AsyncAppender">
        <appender-ref ref="FILE"/>
    </appender>

    <appender name="ASYNCSTDOUT" class="ch.qos.logback.classic.AsyncAppender">
        <appender-ref ref="STDOUT"/>
    </appender>


    <logger name="play" level="INFO"/>
    <logger name="application" level="INFO"/>

    <logger name="controllers" level="INFO"/>
    <logger name="controllers.SmApplication" level="INFO"/>
    <logger name="controllers.SmSearch" level="INFO"/>
    <logger name="controllers.SmSyncDeviceStream" level="INFO"/>
    <logger name="controllers.SmImage" level="INFO"/>

    <logger name="models" level="INFO"/>


    <!-- Shows sql to console -->
    <!--<logger name="slick.jdbc" level="DEBUG"/>-->
    <!--<logger name="slick.jdbc.JdbcBackend.statement" level="DEBUG"/>-->

    <!-- Off these ones as they are annoying, and anyway we manage configuration ourself -->
    <logger name="com.avaje.ebean.config.PropertyMapLoader" level="OFF"/>
    <logger name="com.avaje.ebeaninternal.server.core.XmlConfigLoader" level="OFF"/>
    <logger name="com.avaje.ebeaninternal.server.lib.BackgroundThread" level="OFF"/>
    <logger name="com.gargoylesoftware.htmlunit.javascript" level="OFF"/>

    <logger name="ru.ns.tools" level="ALL"/>

    <!--filters-->
    <!--<logger name="play.filters.csrf" level="TRACE"/>-->

    <logger name="play.core.server.netty.NettyModelConversion" level="ERROR"/>

    <!-- additivity=false ensures access log data only goes to the access log -->
    <logger name="access" level="INFO" additivity="false">
        <appender-ref ref="ACCESS_FILE"/>
    </logger>

    <root level="INFO">
        <appender-ref ref="ASYNCFILE"/>
        <appender-ref ref="ASYNCSTDOUT"/>
        <appender-ref ref="SECURITY_FILE"/>
    </root>

</configuration>